path,width,height,mode,alpha_edge_touch,sha256
01_ENTRY/background/mission2_enter_screen.png,1672,941,RGB,,02b1f9dee7124e3921aaf89787fbcdcff88597014f79f6790b3b0002fcdddcad
01_ENTRY/ui/mission2_enter_button_hover.png,560,160,RGBA,False,696cd8bbbabadbb30d0f94ddca81e3e716de7de9bbe89e0a61de6fb6f3108edd
01_ENTRY/ui/mission2_enter_button_normal.png,560,160,RGBA,False,39aae05799b11c42829a219ee91bd7068fb214338eb653765ecb8f72f66add4c
01_ENTRY/ui/mission2_enter_button_pressed.png,560,160,RGBA,False,e24d72e2665b667bd22c2b49b087d6d343cd007309cec5af17a8bf81befda580
02_DRAGON_INTRO/background/mission2_dragon_intro_background.png,1672,941,RGB,,f860d338b1cdaaf1eb00f1801a3dfb8caab5de53f132c43288a993faa9a1e3c0
03_FIGHT_GUIDE/background/mission2_fight_guide_background.png,1672,941,RGB,,a2e08e541c5733a5ab48b61a11a4ee668eadd44850b8b24e9e4ea4226ad9e92a
03_FIGHT_GUIDE/ui/start_fight_button_hover.png,1381,314,RGBA,False,c3095c6bb1dd3c95305582b40b8dc76caff95679a2e7c1705fed80d4788ed63f
03_FIGHT_GUIDE/ui/start_fight_button_normal.png,1381,314,RGBA,False,73485971ee11fad5e52e228e066cb8de7bd671164d1528315c7e0f1ef4396e47
03_FIGHT_GUIDE/ui/start_fight_button_pressed.png,1381,314,RGBA,False,70870143c142e630ddb5e9b5276fb0b28beac63b4b820f588e467ac767098601
04_BATTLE/boss/mission2_dragon_boss_idle.png,1736,1005,RGBA,False,09f7f31ade2e3181f682de0135f2235f9d37d10032964f1f06b229aa8081bdf8
04_BATTLE/boss/projectiles/dragon_fireball_projectile.png,1600,1088,RGBA,False,1a8697eecfed49716953b25bcd1261cdc566e34a332f6cbdbf10e98db2dac4cb
04_BATTLE/boss/vfx/death/dragon_death_vfx_01.png,428,757,RGBA,False,860ece70feb098afc2de9787933c083e7f3e793e74ef2afdfd1aa9dc7119cec8
04_BATTLE/boss/vfx/death/dragon_death_vfx_02.png,428,757,RGBA,False,c39ae21fdb60996415b35f4648cbc16e60e614a97f842590b4184618dce6fe30
04_BATTLE/boss/vfx/death/dragon_death_vfx_03.png,428,757,RGBA,False,c21562c13ff131d24db925bcbc172d0a6719f347254fb7ee5786b5c98f87732c
04_BATTLE/boss/vfx/death/dragon_death_vfx_04.png,428,757,RGBA,False,fc4b3e4852f00d57e70a4866ad96095516e221657ea9cadd77e773317d73b168
04_BATTLE/boss/vfx/death/dragon_death_vfx_05.png,428,757,RGBA,False,69bf5af83e48445d629c4dbfd4cc34ef211dd25e545aeef272ba49aee9e27e55
04_BATTLE/boss/vfx/death/dragon_death_vfx_06.png,428,757,RGBA,False,91125cf2c6842a1944e7d5d307d69dc9e527a5c818fff6ad65be4483f263a04c
04_BATTLE/boss/vfx/defeated_head_loop/dragon_head_defeated_loop_01.png,449,744,RGBA,False,3aec90d072c99d92d42a6d82b33a9f516f7c4aa06b48a2a4475718ab771d1327
04_BATTLE/boss/vfx/defeated_head_loop/dragon_head_defeated_loop_02.png,449,744,RGBA,False,7bb7125c745705902e5151aadff3a979dab8a1bb42748c6d61686e94904c17eb
04_BATTLE/boss/vfx/defeated_head_loop/dragon_head_defeated_loop_03.png,449,744,RGBA,False,5d165ab77d6042fa52bca8a1b519005a5a2fc9b787410cbe3c0392437b6d91d5
04_BATTLE/boss/vfx/defeated_head_loop/dragon_head_defeated_loop_04.png,449,744,RGBA,False,47a61e326ba5d570fe634963a47f6190b71409819006d3922ec428b560f20b4b
04_BATTLE/boss/vfx/defeated_head_loop/dragon_head_defeated_loop_05.png,449,744,RGBA,False,db235d9d96355c1383432c9f208c8917d9769ef7a0a8126e3ad8fe33587676f1
04_BATTLE/boss/vfx/defeated_head_loop/dragon_head_defeated_loop_06.png,449,744,RGBA,False,89d6512c598b087b30345b0223bdba7088761913aa93c878f22fa7bd0e8c5d93
04_BATTLE/boss/vfx/fire_impact/dragon_fire_impact_vfx_01.png,462,743,RGBA,False,4b0322d712555bd4b8701ae27995ee3a512e6ae463ea61b2ffb28d13189afb48
04_BATTLE/boss/vfx/fire_impact/dragon_fire_impact_vfx_02.png,462,743,RGBA,False,b03252065436817c5e296253f03b7794a2368de841f13379d1af3d84fa8c7b25
04_BATTLE/boss/vfx/fire_impact/dragon_fire_impact_vfx_03.png,462,743,RGBA,False,0cde01433b46f4a424cfbbcf30d324fdb6d8452a018b191275188318c69e369f
04_BATTLE/boss/vfx/fire_impact/dragon_fire_impact_vfx_04.png,462,743,RGBA,False,9d5b01510eaeb46c584a4eac7385625a80f824dff9c33b69f4d9cd42d7d854e6
04_BATTLE/boss/vfx/fire_impact/dragon_fire_impact_vfx_05.png,462,743,RGBA,False,c09a4880017de6717d24f9ac0e50a6690c9edfc978a71058aa0d5bba0956dba3
04_BATTLE/boss/vfx/fire_impact/dragon_fire_impact_vfx_06.png,462,743,RGBA,False,e8f30123df6ebfcff6c5b53163ea672bd53588b14a9b701725b8a0ffc5b2f675
04_BATTLE/boss/vfx/ground_warning/dragon_ground_warning_vfx_01.png,449,720,RGBA,False,d7861d2e53edb59b1344557d8ea726a08b1d94be429f10575c31fa17d88c4a9d
04_BATTLE/boss/vfx/ground_warning/dragon_ground_warning_vfx_02.png,449,720,RGBA,False,5d24e062c2640c44c41a6a58d24d16cadde6cf6131c70444214f119b8b5ec781
04_BATTLE/boss/vfx/ground_warning/dragon_ground_warning_vfx_03.png,449,720,RGBA,False,dbcf319bbd99e46bd10776ceb1072e9deef178a0651651423eeb638949213623
04_BATTLE/boss/vfx/ground_warning/dragon_ground_warning_vfx_04.png,449,720,RGBA,False,9e475ee45218d1a4ea81ddc16d386b79721c37243ea9ee3ce59929f7e7e75530
04_BATTLE/boss/vfx/ground_warning/dragon_ground_warning_vfx_05.png,449,720,RGBA,False,c38c7fdde8f8f7eea6fbaaef74839eaab75a43bf255de6c628ecb8960b694901
04_BATTLE/boss/vfx/ground_warning/dragon_ground_warning_vfx_06.png,449,720,RGBA,False,bda3907f328a8c058937b9e455a1e5c7ce0215069ef926fa2a8aabb40253d353
04_BATTLE/boss/vfx/mouth_charge/dragon_mouth_charge_vfx_01.png,487,732,RGBA,False,4b487ad9449ab6e03c132d33736d69a8fdec996a3c29f80861789a4e849e6423
04_BATTLE/boss/vfx/mouth_charge/dragon_mouth_charge_vfx_02.png,487,732,RGBA,False,022994936d27dbf93c1da6b0e962897869a7515a41736957a938c0b8856f166e
04_BATTLE/boss/vfx/mouth_charge/dragon_mouth_charge_vfx_03.png,487,732,RGBA,False,cae158cc44996ac6296c569b8173efd67871232694fdefc386f78a1c72ea333f
04_BATTLE/boss/vfx/mouth_charge/dragon_mouth_charge_vfx_04.png,487,732,RGBA,False,e2a9b67feb624c06218a4f57314fa30674a4d9f3e36af62b9cf0cb113a9120d9
04_BATTLE/boss/vfx/mouth_charge/dragon_mouth_charge_vfx_05.png,487,732,RGBA,False,cf71d7243d640b7fe9c10f2f4799708a8e1270bde46998106b931c9b6fc6d392
04_BATTLE/boss/vfx/mouth_charge/dragon_mouth_charge_vfx_06.png,487,732,RGBA,False,0c8d80525e65b56819a9685f62d41a338807cea0d4ae308a4c50f94263797649
04_BATTLE/environment/mission2_dragon_battle_background.png,1672,941,RGB,,5a69914524575ae30e97eff732596911c12ef01568e5152767bbf7032409b3de
04_BATTLE/environment/mission2_dragon_battle_foreground.png,1672,941,RGBA,True,f2d8fdbb220b8e82ce8017f4937fae44676dd4c5ad3090644619a2bec68e1749
04_BATTLE/player/issac_bow_ready.png,1410,1232,RGBA,False,3ac82545e7a58ebef9c62838168efdbd76799c497581286e9233324ec019a97c
04_BATTLE/player/projectiles/issac_arrow_projectile.png,1673,940,RGBA,False,a169cd75894d4ec742b5a3f5db08a0c57d7af14554c0268e1bba225becc20a86
04_BATTLE/player/strafe_left/issac_bow_strafe_left_01.png,640,682,RGBA,False,1994fcd51fa75133fd2f22a03e89cba4143ac7fd5af42a46b2b71c02da3edc77
04_BATTLE/player/strafe_left/issac_bow_strafe_left_02.png,640,682,RGBA,False,dc69423e23d4f720f441b70f0da3b69fa09af161b6ed417c97e13bf3f328d6a2
04_BATTLE/player/strafe_left/issac_bow_strafe_left_03.png,640,682,RGBA,False,5a475af250385de49bd72a4a2a6fc89977f7d76663efd37fe079dde73d071d29
04_BATTLE/player/strafe_left/issac_bow_strafe_left_04.png,640,682,RGBA,False,67ac011479cee974f5db3dcce3a2f0cb210e0259f11a26aee8e7b23952fbf277
04_BATTLE/player/strafe_left/issac_bow_strafe_left_05.png,640,682,RGBA,False,e4a5ba9128e716bd2eb26a0e21b94cbd33e0447bad5d1edda8c0fb0f7b066b08
04_BATTLE/player/strafe_left/issac_bow_strafe_left_06.png,640,682,RGBA,False,22967a91802ea43a236d183f645dc849d6be5be03cf5f3f625d0d80fdc1348ce
04_BATTLE/player/strafe_right/issac_bow_strafe_right_01.png,640,682,RGBA,False,dfda43d0bc342fc6a5892c692c9e06e34dfa8d55dad640143853647d4418dc60
04_BATTLE/player/strafe_right/issac_bow_strafe_right_02.png,640,682,RGBA,False,c60862b0a73236d058e8248e6f2d3a4800e6b6992d3714c12dbe85c00837650e
04_BATTLE/player/strafe_right/issac_bow_strafe_right_03.png,640,682,RGBA,False,3b374782d5fe590d557ad6b34690b1e35f71b9a4bd21f9277af5e2d4a0c7ce24
04_BATTLE/player/strafe_right/issac_bow_strafe_right_04.png,640,682,RGBA,False,e20fd731ae699ffa0fd87b811e6ab6a26988bf491d11bc3f5d3b8fdb0c7bade3
04_BATTLE/player/strafe_right/issac_bow_strafe_right_05.png,640,682,RGBA,False,09ff2711f67fccb467f5dd2e823f1997cbbb71d946712c367cfc83f7cdb24805
04_BATTLE/player/strafe_right/issac_bow_strafe_right_06.png,640,682,RGBA,False,a6cac802b17d7f22a45796f1d6541f137fe03bb3d9d4888edb5940a5009bdc78
04_BATTLE/player/vfx/arrow_head_hit/arrow_head_hit_vfx_01.png,495,710,RGBA,False,aeb9a7d7496b500a538b70b60bbf6d71ac7cffa15aa2e8fcad64020d9e83e316
04_BATTLE/player/vfx/arrow_head_hit/arrow_head_hit_vfx_02.png,495,710,RGBA,False,00ad68432e608ec41b13e07afbf0086c2acc411cc906d8d49bd0712580af0fe3
04_BATTLE/player/vfx/arrow_head_hit/arrow_head_hit_vfx_03.png,495,710,RGBA,False,e3386bf7aeeeb9646c8d6bf7570d3781b5c00896767152191fec81a7ec30f950
04_BATTLE/player/vfx/arrow_head_hit/arrow_head_hit_vfx_04.png,495,710,RGBA,False,fce85896c6bffccf7b43344e756c64f5af8cacbc590ec8f180b1c11467ec55c8
04_BATTLE/player/vfx/arrow_head_hit/arrow_head_hit_vfx_05.png,495,710,RGBA,False,a8242887eed57199ac817d28855cc017ffa7230007f0ba15316e99dbf1cdd689
04_BATTLE/player/vfx/arrow_head_hit/arrow_head_hit_vfx_06.png,495,710,RGBA,False,ac66fb69bdd922f79720cee5300b562fef8ea02372e6e257adb1ca61fc30d305
04_BATTLE/player/vfx/bow_release/bow_release_vfx_01.png,556,660,RGBA,False,1a0d85ff56fce35e1ae9ec382d363d0b414830017e0cdc6f383ebd6aa66ad70b
04_BATTLE/player/vfx/bow_release/bow_release_vfx_02.png,556,660,RGBA,False,79b0806f1e8428bf631acb3e4b52e90c6a8d9ff08acb43e1393850afa802daea
04_BATTLE/player/vfx/bow_release/bow_release_vfx_03.png,556,660,RGBA,False,6a2acf3318df496d1cb298aec61f0cda05d9790264459400ff6937b333f678fd
04_BATTLE/player/vfx/bow_release/bow_release_vfx_04.png,556,660,RGBA,False,47bf34d69cdaa102c07f2606dfe08044dbf4c79804be5e903f3aef39a65a75bc
04_BATTLE/player/vfx/bow_release/bow_release_vfx_05.png,556,660,RGBA,False,fc7d0efe64311e9ec25ca9fbaa456a082d87625ecab4b4571d8ee06d73349be0
04_BATTLE/player/vfx/bow_release/bow_release_vfx_06.png,556,660,RGBA,False,58a76412db156166e34f3b7cc840cda259b5519aaf7cd5333912552218c4690e
04_BATTLE/ui/mission2_aim_reticle.png,1536,1024,RGBA,False,0f0750c87ad6966a0bb522d85c473cfbf8f52577a45541cb291da46c8b5e452f
04_BATTLE/ui/mission2_combat_hud.png,1672,941,RGBA,True,dceb628964f073f7541591f8937897af3fee685a59fadfbb76fa9bb601c719bc
04_BATTLE/ui/retry/retry_button_hover.png,1381,314,RGBA,False,c3095c6bb1dd3c95305582b40b8dc76caff95679a2e7c1705fed80d4788ed63f
04_BATTLE/ui/retry/retry_button_normal.png,1381,314,RGBA,False,73485971ee11fad5e52e228e066cb8de7bd671164d1528315c7e0f1ef4396e47
04_BATTLE/ui/retry/retry_button_pressed.png,1381,314,RGBA,False,70870143c142e630ddb5e9b5276fb0b28beac63b4b820f588e467ac767098601
05_MIND_STONE_REWARD/background/mind_stone_reward_bg.png,1672,940,RGB,,df1e509ff0a5bc525bb82f5514c14f0053eb6574afa5689214f81eb75e3a554d
05_MIND_STONE_REWARD/stone/aura/mind_stone_aura_01.png,416,544,RGBA,False,dc432301160471ecf6c6f3f3cf40d56e14bb1a2a16690bbc8ef41d81de9b60c4
05_MIND_STONE_REWARD/stone/aura/mind_stone_aura_02.png,416,544,RGBA,False,c685634c24e986b215f0598721fe01d9b842c2641894aa8dd8682073bbd0c2a3
05_MIND_STONE_REWARD/stone/aura/mind_stone_aura_03.png,416,544,RGBA,False,abd9f2c1e008005e02873988378210a50ff6d4d82fd8233a9f4e9ac2348abd0d
05_MIND_STONE_REWARD/stone/aura/mind_stone_aura_04.png,416,544,RGBA,False,3665954b5f8fffdec38cc44b2d27f289c9ab8bbf67d15ba680f1826d3f4dd616
05_MIND_STONE_REWARD/stone/aura/mind_stone_aura_05.png,416,544,RGBA,False,9968a349921f80be9291b8f6860931f69ca761f3dd8184424e2c86916c846358
05_MIND_STONE_REWARD/stone/aura/mind_stone_aura_06.png,416,544,RGBA,False,bcba1436a519f6b3259605fe84c886f577116702dc5c141b9067c8b6f5a16f47
05_MIND_STONE_REWARD/stone/mind_stone.png,1466,1186,RGBA,False,82cc75356b8b929521f7fc637cd849f8669096ceb384078901b6d9f341354fc3
05_MIND_STONE_REWARD/ui/claim_button_hover.png,704,304,RGBA,False,d574a3f880c48a26a222a0e2a48b8a12c71c7afed0d0cde45e23454e679c4bd7
05_MIND_STONE_REWARD/ui/claim_button_normal.png,704,304,RGBA,False,a7979c9af99cd1ffec54e0b002b527f183b50e4d7cd19ab19fb6bcc1c5f16778
05_MIND_STONE_REWARD/ui/claim_button_pressed.png,704,304,RGBA,False,ae4f61f6fa94725911e7651abe93841ecf4b8c18bcb38b0d5ef81d579c18db74
06_MISSION3_UNLOCK/background/mission3_unlock_background.png,1672,940,RGB,,184a2ca23e9e599fe1a8fb8b7eb34677ae436f13cc35d22bf3c636e169459b6f
06_MISSION3_UNLOCK/ui/enter_button_hover.png,720,336,RGBA,False,44771474d2f80f3ef1a0a9d8c71438e9faee820310f8c62009f718bf55d74cb0
06_MISSION3_UNLOCK/ui/enter_button_normal.png,720,336,RGBA,False,0001b132f59a105fe73b887c6ad34088eb64cceae84e46e8e8c11b9f5a09e6cc
06_MISSION3_UNLOCK/ui/enter_button_pressed.png,720,336,RGBA,False,0c424a9515c47edd6bcda45c826cca0c27ddde39b6df7e95fba9cd6e510725c6
